Lucas,199
Raul,199
Franco,170
Pedro,193
Julio,199
Julio,194
Laura,35
Juli,174
Lauriano,199
Mariano,193
Lucas,199
Lucas,179
Karina,198
Gustavo,200
Gustavo,20
Gustavo,153
german,181
Hugo,182
Gustavo,40
Ayelen,186
Jorge,203
Ricardo,64
Lurdes,128
Lucas,64
julia,98
julia,78
Lucas,456
Jorge,142
carlos,348
jorge,149
Ramon,149
nana,149
Geronimo,149
francoo,149
Dardo,149
geronimo,149
Francoo,221
julio,149
Hugo,149
Julia,146
aa,149
Hugo,149
Franco,149
Julio,348
Julia,149
Karina,149
Geronimo,149
Franco,148
Gustavo,151
Juana,149
Fransisco,195
Gaston,149
Jorge,149
Julio,149
karina,132
Luckii,550
Gero,224
Franco,152
Julio,149
Humberto,518
Hugo,582
Carlos,565
Franco,600
Julian,606
Marta,598
Jorge,615
Nahuel,577
